{
    "name": "DeadlockStackingForMadclown",
    "version": "0.0.5",
    "factorio_version": "1.1",
    "title": "Deadlock Stacking For Madclown",
    "author": "nihilisticpandemonium",
    "homepage": "",
    "dependencies": [
        "base",
        "deadlock-beltboxes-loaders >= 2.3.0",
        "rusty-locale",
        "(?)Clowns-AngelBob-Nuclear",
        "(?)Clowns-Extended-Minerals",
        "(?)Clowns-Nuclear",
        "(?)Clowns-Processing",
        "(?)Clowns-Science",
        "(?)MadClownFuelsNuclear",
        "(?)angelsrefining",
        "(?)angelssmelting",
        "(?)angelsinfiniteores",
        "(?)angelspetrochem",
        "(?)angelsbioprocessing",
        "(?)angelsexploration",
        "(?)angelsindustries",
        "(?)ShinyAngelGFX",
        "(?)DeadlockStackingForBobs",
        "(?)DeadlockStackingForAngels"
    ],
    "description": "Add stacked items for Madclown"
}
